id,first_name,last_name,email,trade_in
1,Carolan,Skentelbury,cskentelbury0@whitehouse.gov,Bentley
2,Cherie,La Croce,clacroce1@ebay.com,Mercedes-Benz
3,Zaneta,Whipp,zwhipp2@vk.com,Chevrolet
4,Lacie,Pendre,lpendre3@spotify.com,Mercedes-Benz
5,Chet,Handling,chandling4@fotki.com,Land Rover
6,Bing,Vogele,bvogele5@surveymonkey.com,Volkswagen
7,Karlan,Eard,keard6@mediafire.com,GMC
8,Clementina,Berrey,cberrey7@utexas.edu,Nissan
9,Anissa,Divall,adivall8@nasa.gov,Kia
10,Kenneth,Mathiot,kmathiot9@blogspot.com,Volkswagen
11,Zaneta,Geffinger,zgeffingera@nhs.uk,Ford
12,Reinwald,Vernham,rvernhamb@studiopress.com,Lincoln
13,Phylis,Foakes,pfoakesc@yandex.ru,Chevrolet
14,Sampson,Gullen,sgullend@omniture.com,Porsche
15,Tisha,Ertel,tertele@chronoengine.com,Ford
16,Dione,Ranklin,dranklinf@addtoany.com,Mitsubishi
17,Ranique,Byng,rbyngg@wikimedia.org,Plymouth
18,Beverie,Fosdike,bfosdikeh@kickstarter.com,Ford
19,Hersh,Yanne,hyannei@topsy.com,Mitsubishi
20,Domeniga,Dumbar,ddumbarj@jugem.jp,GMC
21,Chaddie,Yitzowitz,cyitzowitzk@spiegel.de,Volvo
22,Rodrique,Scargle,rscarglel@constantcontact.com,Mazda
23,Johnna,Bassick,jbassickm@printfriendly.com,Dodge
24,Marie,Swatton,mswattonn@tmall.com,Isuzu
25,Gayleen,Sweeten,gsweeteno@youku.com,Suzuki
26,Bernita,Wooland,bwoolandp@fotki.com,Honda
27,Lief,Eydel,leydelq@psu.edu,Mitsubishi
28,Connie,Blackhurst,cblackhurstr@dedecms.com,Buick
29,Romona,Steggles,rsteggless@gnu.org,BMW
30,Ive,De Santos,idesantost@nhs.uk,Honda
31,Laurie,Poone,lpooneu@ca.gov,Chevrolet
32,Annadiane,Locksley,alocksleyv@un.org,Subaru
33,Gayel,Grisenthwaite,ggrisenthwaitew@newsvine.com,Nissan
34,Humfried,Thorneley,hthorneleyx@indiatimes.com,Suzuki
35,Augustina,Moodie,amoodiey@independent.co.uk,Nissan
36,Juliet,Gamble,jgamblez@gov.uk,Mercury
37,Sonnie,Cottee,scottee10@cpanel.net,Nissan
38,Monica,Walbrun,mwalbrun11@yolasite.com,GMC
39,Kingsly,Isaacs,kisaacs12@smugmug.com,Dodge
40,Devan,Demsey,ddemsey13@washingtonpost.com,Lexus
41,Donetta,Klas,dklas14@xing.com,Ford
42,Marlie,Evelyn,mevelyn15@sohu.com,Oldsmobile
43,Nannette,Petchell,npetchell16@cyberchimps.com,Dodge
44,Jacynth,Cariss,jcariss17@google.com,Cadillac
45,Padraic,Pedracci,ppedracci18@istockphoto.com,Suzuki
46,Blaine,Concannon,bconcannon19@goodreads.com,Lexus
47,Jason,Jeavons,jjeavons1a@mapquest.com,Nissan
48,Glynis,Tourle,gtourle1b@comcast.net,BMW
49,Pammy,Alessandone,palessandone1c@walmart.com,Porsche
50,Cherilyn,Hodgon,chodgon1d@comsenz.com,Chevrolet
51,Philbert,Jobke,pjobke1e@columbia.edu,Chevrolet
52,Brett,Mateus,bmateus1f@fema.gov,Mercury
53,Maddi,Goodread,mgoodread1g@sakura.ne.jp,Volvo
54,Lothario,Village,lvillage1h@cdc.gov,Kia
55,Leeann,Dolby,ldolby1i@printfriendly.com,Chevrolet
56,Sosanna,Deveraux,sdeveraux1j@netvibes.com,Ford
57,Pearce,Iacofo,piacofo1k@dyndns.org,Hyundai
58,Blinny,Meadley,bmeadley1l@meetup.com,Acura
59,Lowell,Catonnet,lcatonnet1m@topsy.com,Hyundai
60,Windy,Sturman,wsturman1n@merriam-webster.com,Pontiac
61,Rowney,Baglow,rbaglow1o@ca.gov,Pontiac
62,Gilberto,Blaschek,gblaschek1p@linkedin.com,Saturn
63,Emmett,Phipard-Shears,ephipardshears1q@drupal.org,Cadillac
64,Edithe,Nacci,enacci1r@china.com.cn,Pontiac
65,Broddy,Zouch,bzouch1s@wp.com,Volvo
66,Lucius,Triggol,ltriggol1t@creativecommons.org,Pontiac
67,Pauly,Gaitley,pgaitley1u@walmart.com,Acura
68,Rowland,Glasson,rglasson1v@amazon.co.uk,Oldsmobile
69,Burnaby,Featherby,bfeatherby1w@weebly.com,Cadillac
70,Tallie,Bouldstridge,tbouldstridge1x@sun.com,MINI
71,Haydon,Petchey,hpetchey1y@opera.com,Lamborghini
72,Ofelia,McGillivray,omcgillivray1z@princeton.edu,Honda
73,Jorgan,Johannes,jjohannes20@mozilla.com,Mazda
74,Violette,Beeckx,vbeeckx21@blogs.com,Mitsubishi
75,Quinlan,Seydlitz,qseydlitz22@virginia.edu,Dodge
76,Maridel,Chestney,mchestney23@bbb.org,Acura
77,Isahella,Penkethman,ipenkethman24@netvibes.com,Land Rover
78,Britt,Davids,bdavids25@admin.ch,Chevrolet
79,Vincent,Bartlet,vbartlet26@altervista.org,Mitsubishi
80,Suki,Antliff,santliff27@usda.gov,Ford
81,Dyan,Reader,dreader28@fastcompany.com,Ford
82,Morse,Bentote,mbentote29@cafepress.com,Plymouth
83,Ursala,Faircloth,ufaircloth2a@google.com,Toyota
84,Archibaldo,Teggin,ateggin2b@technorati.com,Dodge
85,Corbin,Quirk,cquirk2c@icq.com,Ford
86,Hadria,Vakhonin,hvakhonin2d@merriam-webster.com,Chevrolet
87,Sharron,Awin,sawin2e@mapy.cz,Ford
88,Lanny,Wilfing,lwilfing2f@walmart.com,Volvo
89,Bernhard,Dominighi,bdominighi2g@yolasite.com,Dodge
90,Heinrik,Gehringer,hgehringer2h@utexas.edu,Pontiac
91,Thom,Tideswell,ttideswell2i@freewebs.com,Ford
92,Faye,Prettjohn,fprettjohn2j@issuu.com,GMC
93,Angelina,Karpenya,akarpenya2k@epa.gov,Ford
94,Annadiana,Hourican,ahourican2l@4shared.com,Porsche
95,Arte,Hampe,ahampe2m@storify.com,Volkswagen
96,Oralle,Lamplugh,olamplugh2n@4shared.com,Chevrolet
97,Sergent,Eames,seames2o@nydailynews.com,Kia
98,Marlena,Schleicher,mschleicher2p@goodreads.com,Jeep
99,Chevalier,MacGuigan,cmacguigan2q@photobucket.com,Audi
100,Chery,Champkin,cchampkin2r@msn.com,GMC
101,Hughie,Devil,hdevil2s@msu.edu,Mercedes-Benz
102,Melosa,Dresche,mdresche2t@army.mil,Hyundai
103,Emlyn,Buncher,ebuncher2u@patch.com,Hyundai
104,Teddy,Blincowe,tblincowe2v@livejournal.com,Mitsubishi
105,Herminia,Stanes,hstanes2w@wikipedia.org,Jeep
106,Fleurette,Greenless,fgreenless2x@comsenz.com,Saab
107,Dev,Orris,dorris2y@posterous.com,GMC
108,Corena,Pieter,cpieter2z@prlog.org,Fiat
109,Reinaldo,Hise,rhise30@reuters.com,Toyota
110,Lauritz,Solleme,lsolleme31@webeden.co.uk,Ford
111,Elysha,Vidyapin,evidyapin32@eepurl.com,Toyota
112,Suzette,Cheverton,scheverton33@thetimes.co.uk,Volkswagen
113,Wiley,Stailey,wstailey34@ning.com,Honda
114,Wat,Gouge,wgouge35@chicagotribune.com,Subaru
115,Cinnamon,Easey,ceasey36@addtoany.com,Ford
116,Myrwyn,McConaghy,mmcconaghy37@kickstarter.com,Volvo
117,Arny,Matokhnin,amatokhnin38@geocities.jp,Mercury
118,Lloyd,Woodrup,lwoodrup39@cbslocal.com,Mitsubishi
119,Saunders,McSperron,smcsperron3a@bandcamp.com,Jeep
120,Aliza,Kaser,akaser3b@netvibes.com,BMW
121,Gerta,Popescu,gpopescu3c@state.gov,Jaguar
122,Sax,Franzen,sfranzen3d@odnoklassniki.ru,Mercedes-Benz
123,Jenilee,Wigfall,jwigfall3e@livejournal.com,GMC
124,Vincenty,Minget,vminget3f@prnewswire.com,Volkswagen
125,Thoma,Emlen,temlen3g@berkeley.edu,Lexus
126,Cloris,Rennox,crennox3h@sogou.com,Mazda
127,Maddi,Burkwood,mburkwood3i@clickbank.net,Dodge
128,Fawnia,Hatliff,fhatliff3j@posterous.com,Nissan
129,Catlin,Scarsbrooke,cscarsbrooke3k@scribd.com,Volvo
130,Gail,Cromack,gcromack3l@harvard.edu,Porsche
131,Vi,Gonnely,vgonnely3m@unicef.org,Chevrolet
132,June,Heinl,jheinl3n@fda.gov,Mazda
133,Mose,Bockmann,mbockmann3o@rediff.com,Chevrolet
134,Kare,Mingame,kmingame3p@cbc.ca,Lexus
135,Allina,Tebbit,atebbit3q@hostgator.com,Hyundai
136,Fae,Blemen,fblemen3r@t.co,BMW
137,Ofelia,Cockell,ocockell3s@sakura.ne.jp,Lexus
138,Greer,Simoncelli,gsimoncelli3t@ted.com,Land Rover
139,Murial,Clayden,mclayden3u@google.nl,GMC
140,Bernetta,Bomb,bbomb3v@drupal.org,Nissan
141,Tobi,Deinhardt,tdeinhardt3w@sciencedirect.com,Mitsubishi
142,Papageno,Kinchley,pkinchley3x@imageshack.us,Ford
143,Orbadiah,Decourt,odecourt3y@feedburner.com,Chevrolet
144,Nada,Springall,nspringall3z@alibaba.com,Dodge
145,Weider,Murdoch,wmurdoch40@illinois.edu,Jaguar
146,Pinchas,Cuncliffe,pcuncliffe41@livejournal.com,Cadillac
147,Bay,Satchell,bsatchell42@ed.gov,Infiniti
148,Seana,Vipan,svipan43@mayoclinic.com,Volkswagen
149,Bendicty,Levene,blevene44@shinystat.com,Land Rover
150,Kiel,Giacopazzi,kgiacopazzi45@jugem.jp,Oldsmobile
151,Reed,Bydaway,rbydaway46@yale.edu,Dodge
152,Marwin,Reaveley,mreaveley47@samsung.com,Cadillac
153,Cal,Thomen,cthomen48@goo.ne.jp,Scion
154,Nico,Mazey,nmazey49@adobe.com,Ford
155,Darrick,Turban,dturban4a@noaa.gov,Toyota
156,Kissie,Izakson,kizakson4b@webeden.co.uk,Mitsubishi
157,Thorsten,Ennion,tennion4c@hatena.ne.jp,Chevrolet
158,Benoite,Blackbrough,bblackbrough4d@youtube.com,Chrysler
159,Cinderella,Keeffe,ckeeffe4e@360.cn,Cadillac
160,Wendy,Ravenscroftt,wravenscroftt4f@g.co,Honda
161,Holly,Bynold,hbynold4g@soundcloud.com,Maserati
162,Dag,Swetman,dswetman4h@ft.com,Daewoo
163,Renell,Bergen,rbergen4i@irs.gov,Honda
164,Chiquita,Zukerman,czukerman4j@clickbank.net,Toyota
165,Marsh,Hotchkin,mhotchkin4k@japanpost.jp,Ford
166,Reynold,Illem,rillem4l@360.cn,Mitsubishi
167,Morna,Maleby,mmaleby4m@live.com,Mercedes-Benz
168,Tamara,Champagne,tchampagne4n@columbia.edu,Mercury
169,Jammal,Faulkes,jfaulkes4o@walmart.com,Hyundai
170,Kasey,Blazeby,kblazeby4p@tuttocitta.it,Plymouth
171,Aloysius,Kennicott,akennicott4q@accuweather.com,Chevrolet
172,Alfi,Quadri,aquadri4r@sakura.ne.jp,Mercury
173,Twyla,Elsbury,telsbury4s@webeden.co.uk,Geo
174,Mari,Dobinson,mdobinson4t@facebook.com,Lexus
175,Stevy,Bartle,sbartle4u@sbwire.com,Mercury
176,Corine,Iffe,ciffe4v@senate.gov,GMC
177,Bear,Nutbean,bnutbean4w@phoca.cz,Chevrolet
178,Jarret,Dedden,jdedden4x@mail.ru,Mazda
179,Arlyn,Stollen,astollen4y@odnoklassniki.ru,Lincoln
180,Maribeth,Prescott,mprescott4z@geocities.jp,Chrysler
181,Gwendolen,Capaldo,gcapaldo50@youku.com,Lamborghini
182,Claire,Di Domenico,cdidomenico51@prweb.com,Mercedes-Benz
183,Adrien,Bewshea,abewshea52@yellowbook.com,Ford
184,Claretta,Rohlfing,crohlfing53@mozilla.com,Mercedes-Benz
185,Morgen,Bollands,mbollands54@squidoo.com,Honda
186,Ashley,Rame,arame55@yellowpages.com,Ford
187,Lancelot,Eaglestone,leaglestone56@princeton.edu,Lexus
188,Carver,Eick,ceick57@slideshare.net,BMW
189,Paxton,Cavalier,pcavalier58@oracle.com,Infiniti
190,Drake,Turnell,dturnell59@soup.io,Subaru
191,Pembroke,Rutt,prutt5a@state.tx.us,Cadillac
192,Joyan,Soreau,jsoreau5b@wisc.edu,Pontiac
193,Iormina,Twigger,itwigger5c@wikispaces.com,Jaguar
194,Ashil,Latham,alatham5d@de.vu,Ford
195,Roanne,Marchenko,rmarchenko5e@huffingtonpost.com,Infiniti
196,Hobey,Jelk,hjelk5f@shareasale.com,Lamborghini
197,Corinna,Kimmince,ckimmince5g@wikispaces.com,Pontiac
198,Andras,Stilly,astilly5h@ftc.gov,Chevrolet
199,Alex,Jirusek,ajirusek5i@bloglovin.com,Subaru
200,Sheffie,Bowmen,sbowmen5j@youtu.be,Suzuki
201,Kathlin,Illidge,killidge5k@wiley.com,Nissan
202,Nariko,Trenouth,ntrenouth5l@cafepress.com,Nissan
203,Mercedes,Neissen,mneissen5m@nydailynews.com,Volkswagen
204,Nelia,Du Fray,ndufray5n@aboutads.info,BMW
205,Clerissa,Cromleholme,ccromleholme5o@state.gov,Mercedes-Benz
206,Corny,Frankowski,cfrankowski5p@moonfruit.com,Cadillac
207,Valerye,Breckell,vbreckell5q@dagondesign.com,Subaru
208,Thedric,Vallentin,tvallentin5r@google.ca,Audi
209,Rod,Brayson,rbrayson5s@soundcloud.com,Mercedes-Benz
210,Tori,Kubiczek,tkubiczek5t@amazon.de,Mazda
211,Araldo,Felten,afelten5u@nationalgeographic.com,Mercury
212,Brittne,Greenroad,bgreenroad5v@weebly.com,Volkswagen
213,Lindon,Ber,lber5w@studiopress.com,Aston Martin
214,Shadow,Gibling,sgibling5x@state.tx.us,Ford
215,Fritz,Bortoluzzi,fbortoluzzi5y@nydailynews.com,Honda
216,Lorianne,Duchan,lduchan5z@twitter.com,Toyota
217,Jory,Dorbon,jdorbon60@washington.edu,Oldsmobile
218,Ellyn,McDowall,emcdowall61@cnn.com,Mitsubishi
219,Milissent,Carous,mcarous62@auda.org.au,Cadillac
220,Jeanelle,Domenget,jdomenget63@last.fm,Saturn
221,Mariejeanne,Lardiner,mlardiner64@nifty.com,Mercury
222,Lazaro,Geroldini,lgeroldini65@clickbank.net,Suzuki
223,Layla,Lowry,llowry66@ebay.co.uk,Mazda
224,Noak,Loftin,nloftin67@china.com.cn,Mitsubishi
225,Gerhardine,McFade,gmcfade68@liveinternet.ru,Volkswagen
226,Gerladina,Yannikov,gyannikov69@craigslist.org,Land Rover
227,Arleyne,Gillhespy,agillhespy6a@mlb.com,Panoz
228,Frederico,Edowes,fedowes6b@mozilla.org,Mitsubishi
229,Melli,Ockendon,mockendon6c@odnoklassniki.ru,Audi
230,Regan,Disbrey,rdisbrey6d@ustream.tv,Land Rover
231,Norry,Haggerty,nhaggerty6e@squarespace.com,Chevrolet
232,Damiano,Haylett,dhaylett6f@globo.com,Ford
233,Melina,Pawlik,mpawlik6g@accuweather.com,Chevrolet
234,Zitella,Lye,zlye6h@baidu.com,Audi
235,Netta,O'Scannill,noscannill6i@stumbleupon.com,Jeep
236,Carolann,Ruthen,cruthen6j@gizmodo.com,GMC
237,Floria,McKiddin,fmckiddin6k@hatena.ne.jp,Saturn
238,Alie,Woodyer,awoodyer6l@washington.edu,Mercedes-Benz
239,Patton,Rhodef,prhodef6m@bloglines.com,Oldsmobile
240,Dante,Manzell,dmanzell6n@pagesperso-orange.fr,Chevrolet
241,Guinna,Carmo,gcarmo6o@hubpages.com,Lexus
242,Linzy,Astell,lastell6p@huffingtonpost.com,Hyundai
243,Erek,Edy,eedy6q@sfgate.com,Isuzu
244,Devon,Rivenzon,drivenzon6r@bigcartel.com,Dodge
245,Fields,Vasyatkin,fvasyatkin6s@nymag.com,Buick
246,Dew,Guyon,dguyon6t@huffingtonpost.com,Mazda
247,Imojean,Rodge,irodge6u@wp.com,Mazda
248,Rayshell,McPeake,rmcpeake6v@devhub.com,Cadillac
249,Orton,Franschini,ofranschini6w@youku.com,Chevrolet
250,Isador,Muat,imuat6x@tripod.com,Ford
251,Constantin,Benkhe,cbenkhe6y@mashable.com,Ford
252,Xever,Braznell,xbraznell6z@vistaprint.com,Saturn
253,Nikkie,Janko,njanko70@hexun.com,Mazda
254,Dodi,Shapira,dshapira71@vinaora.com,Lincoln
255,Gregg,Kid,gkid72@google.ru,Chevrolet
256,Ruddy,Arkow,rarkow73@squarespace.com,Lincoln
257,Lil,Abry,labry74@arizona.edu,Mitsubishi
258,Darin,Haslen,dhaslen75@i2i.jp,Cadillac
259,Fons,Mostin,fmostin76@jiathis.com,Pontiac
260,Justus,McKevany,jmckevany77@nih.gov,Buick
261,Kary,Lombardo,klombardo78@wiley.com,GMC
262,Giffard,Sindall,gsindall79@umich.edu,Chevrolet
263,Jojo,Oakland,joakland7a@lulu.com,Volkswagen
264,Wren,Nesey,wnesey7b@desdev.cn,Jaguar
265,Alyss,Barnard,abarnard7c@webeden.co.uk,GMC
266,Lucinda,Tigner,ltigner7d@soundcloud.com,Mercury
267,Thomasina,Thon,tthon7e@weibo.com,Honda
268,Barri,Flounders,bflounders7f@ucoz.com,Maserati
269,Dolf,Melwall,dmelwall7g@netlog.com,Honda
270,Mychal,Diboll,mdiboll7h@wikipedia.org,Mercury
271,Verena,Morton,vmorton7i@unicef.org,Dodge
272,Penrod,Goldsberry,pgoldsberry7j@scientificamerican.com,Jeep
273,Julie,Ateridge,jateridge7k@comcast.net,Chevrolet
274,Sofie,Maunsell,smaunsell7l@weather.com,Mazda
275,Wilow,Ditt,wditt7m@studiopress.com,Mazda
276,Celesta,Challice,cchallice7n@g.co,Volkswagen
277,Eric,Dodamead,edodamead7o@timesonline.co.uk,Infiniti
278,Casie,Spary,cspary7p@cyberchimps.com,Subaru
279,Jacklin,Dabrowski,jdabrowski7q@bizjournals.com,Honda
280,Cher,Vinson,cvinson7r@amazon.com,BMW
281,Stirling,MacKaig,smackaig7s@delicious.com,Dodge
282,Arabelle,Garforth,agarforth7t@quantcast.com,Maserati
283,Evanne,Goodale,egoodale7u@unc.edu,Cadillac
284,Agnese,Marjanovic,amarjanovic7v@cisco.com,Land Rover
285,Malina,Nucci,mnucci7w@dailymail.co.uk,Volkswagen
286,Carrissa,Voisey,cvoisey7x@tamu.edu,Lexus
287,Tera,Leek,tleek7y@cpanel.net,Toyota
288,Leanna,Rosenwald,lrosenwald7z@apple.com,Volkswagen
289,Ethelyn,Oakwell,eoakwell80@tripadvisor.com,Dodge
290,Tootsie,Perrelle,tperrelle81@dagondesign.com,Lexus
291,Jessie,Stack,jstack82@marriott.com,Suzuki
292,Barrie,Moscone,bmoscone83@flavors.me,Land Rover
293,Dorothy,Jebb,djebb84@is.gd,Hyundai
294,Durant,Jakubiak,djakubiak85@deliciousdays.com,Toyota
295,Mel,Borrows,mborrows86@hugedomains.com,MINI
296,Cyrille,Dulwitch,cdulwitch87@mysql.com,Buick
297,Connie,O'Grada,cograda88@wufoo.com,Maserati
298,Barbette,Haitlie,bhaitlie89@ft.com,Toyota
299,Iris,Maso,imaso8a@oakley.com,Oldsmobile
300,Cassi,Shurrock,cshurrock8b@blogspot.com,Ford
301,Wynny,Bellhouse,wbellhouse8c@opera.com,Dodge
302,Elnore,Bruck,ebruck8d@digg.com,Pontiac
303,Jean,Plastow,jplastow8e@ehow.com,Audi
304,Walliw,Simonitto,wsimonitto8f@oaic.gov.au,Chevrolet
305,Kayla,Ayris,kayris8g@apache.org,GMC
306,Katrina,Dunseath,kdunseath8h@forbes.com,Kia
307,Binni,Le Port,bleport8i@google.com.hk,GMC
308,Ripley,Ferry,rferry8j@cargocollective.com,Pontiac
309,Justino,Crichley,jcrichley8k@ocn.ne.jp,Chevrolet
310,Patrice,Cornell,pcornell8l@miitbeian.gov.cn,Mazda
311,Sandi,Vale,svale8m@xinhuanet.com,Nissan
312,Horst,Margett,hmargett8n@google.es,Hyundai
313,Ira,Dobinson,idobinson8o@usda.gov,Plymouth
314,Hugo,Coniff,hconiff8p@istockphoto.com,Subaru
315,Trumann,Aspinal,taspinal8q@geocities.com,Cadillac
316,Gerek,Foukx,gfoukx8r@comsenz.com,Lexus
317,Levon,Legg,llegg8s@umn.edu,Pontiac
318,Red,Bosanko,rbosanko8t@ted.com,Audi
319,Gradeigh,Faulo,gfaulo8u@fc2.com,Oldsmobile
320,Lilia,Orwin,lorwin8v@who.int,Dodge
321,Roderich,Gladeche,rgladeche8w@stanford.edu,Toyota
322,Georgeanna,Weaben,gweaben8x@uiuc.edu,Jeep
323,Filmer,Rape,frape8y@g.co,Oldsmobile
324,Petronella,Opdenorth,popdenorth8z@newsvine.com,Honda
325,Alfy,Dunmore,adunmore90@cbslocal.com,Hyundai
326,Falkner,Redler,fredler91@virginia.edu,Volvo
327,Brand,Studdeard,bstuddeard92@gravatar.com,Chevrolet
328,Rodie,Kiffin,rkiffin93@aboutads.info,Cadillac
329,Tommy,Borges,tborges94@uiuc.edu,Daewoo
330,Lissi,Cargen,lcargen95@google.co.uk,Pontiac
331,Loree,Froment,lfroment96@goo.gl,Oldsmobile
332,Harriott,Lantuffe,hlantuffe97@pinterest.com,Audi
333,Annabelle,Poleye,apoleye98@chronoengine.com,Chevrolet
334,Mersey,Cressor,mcressor99@yolasite.com,Ford
335,Kristoforo,Baert,kbaert9a@ifeng.com,CitroÃ«n
336,Angelina,Turfus,aturfus9b@techcrunch.com,Dodge
337,Lindsay,Stringer,lstringer9c@reuters.com,Subaru
338,Claire,Galliard,cgalliard9d@mit.edu,Toyota
339,Dorette,Leeuwerink,dleeuwerink9e@mit.edu,Mitsubishi
340,Hercule,Kilborn,hkilborn9f@twitter.com,Pontiac
341,Shauna,Probets,sprobets9g@1und1.de,Ford
342,Stephine,Brattan,sbrattan9h@seattletimes.com,Lincoln
343,Harris,Betts,hbetts9i@kickstarter.com,Ford
344,Renate,De Rye Barrett,rderyebarrett9j@aol.com,Hyundai
345,Aldridge,Sinnocke,asinnocke9k@guardian.co.uk,Lexus
346,Lita,Streat,lstreat9l@indiegogo.com,Ford
347,Ernesto,Threlfall,ethrelfall9m@skype.com,Mazda
348,Margeaux,Bernucci,mbernucci9n@hubpages.com,Lexus
349,Aurel,Townrow,atownrow9o@google.es,Chrysler
350,Abeu,Colbeck,acolbeck9p@tmall.com,Hyundai
351,Doreen,Danson,ddanson9q@ox.ac.uk,Suzuki
352,Vito,Merriment,vmerriment9r@buzzfeed.com,Ford
353,Erhard,Cattlemull,ecattlemull9s@techcrunch.com,Chrysler
354,Aleece,Winspire,awinspire9t@barnesandnoble.com,Porsche
355,Wynny,Mardell,wmardell9u@un.org,Porsche
356,Lanie,Shera,lshera9v@paginegialle.it,Ford
357,Eunice,Mc Andrew,emcandrew9w@dagondesign.com,Mercedes-Benz
358,Wayne,Dudmesh,wdudmesh9x@dropbox.com,GMC
359,Eula,Caruth,ecaruth9y@symantec.com,GMC
360,Jermain,Skowcraft,jskowcraft9z@moonfruit.com,Mitsubishi
361,Miriam,Whillock,mwhillocka0@dion.ne.jp,Kia
362,Rosamond,Martina,rmartinaa1@domainmarket.com,Volkswagen
363,Vassili,Lanchbery,vlanchberya2@thetimes.co.uk,Mitsubishi
364,Devi,Piers,dpiersa3@adobe.com,Bentley
365,Harvey,Tinkham,htinkhama4@simplemachines.org,Lexus
366,Stanislaw,Aumerle,saumerlea5@bloglines.com,Mitsubishi
367,Georgeta,Davids,gdavidsa6@wisc.edu,Mercury
368,Amabel,Kadd,akadda7@ameblo.jp,Suzuki
369,Buck,Elfe,belfea8@disqus.com,Ford
370,Victoria,Issitt,vissitta9@uol.com.br,Chrysler
371,Veronika,Jennens,vjennensaa@simplemachines.org,Ford
372,Bibbie,D'Ruel,bdruelab@is.gd,GMC
373,Ulrich,Albasiny,ualbasinyac@goo.gl,Suzuki
374,Carmella,Doumerc,cdoumercad@discuz.net,Toyota
375,Lorens,Ogelbe,logelbeae@ask.com,Chevrolet
376,Janeta,Gromley,jgromleyaf@apple.com,Geo
377,Nedda,Bodycombe,nbodycombeag@va.gov,Buick
378,Raddie,Roscow,rroscowah@sogou.com,Oldsmobile
379,Anderson,Hancock,ahancockai@wunderground.com,Ford
380,Maddy,Halburton,mhalburtonaj@icio.us,Mitsubishi
381,Mikkel,Anan,mananak@de.vu,Pontiac
382,Glennie,Staves,gstavesal@wired.com,Chrysler
383,Madel,Mowne,mmowneam@mozilla.org,Ford
384,Anissa,Crayden,acraydenan@friendfeed.com,Honda
385,Giulietta,Stiegar,gstiegarao@sitemeter.com,Toyota
386,Artemus,Cabrera,acabreraap@sphinn.com,Lexus
387,Ichabod,Petz,ipetzaq@google.de,GMC
388,Graig,Blunn,gblunnar@washingtonpost.com,BMW
389,Elita,Conman,econmanas@bluehost.com,Toyota
390,Honey,Bartholomieu,hbartholomieuat@cbc.ca,Chevrolet
391,Caren,Figin,cfiginau@toplist.cz,Dodge
392,Cosetta,Conkey,cconkeyav@slate.com,GMC
393,Johnathon,Mailey,jmaileyaw@noaa.gov,Maybach
394,Ethelred,Hullyer,ehullyerax@google.com.br,Volvo
395,Roz,Yurikov,ryurikovay@reddit.com,Subaru
396,Jerrie,Simionato,jsimionatoaz@cargocollective.com,Mercedes-Benz
397,Claribel,McHan,cmchanb0@gmpg.org,Cadillac
398,Hewet,Ceely,hceelyb1@ox.ac.uk,Hummer
399,Barbe,Tuxwell,btuxwellb2@sbwire.com,BMW
400,Marketa,Laverick,mlaverickb3@bloomberg.com,Saab
401,Brenna,Barnewille,bbarnewilleb4@about.me,Lexus
402,Merrick,Roseman,mrosemanb5@cafepress.com,Nissan
403,Torey,Filippov,tfilippovb6@shutterfly.com,Saab
404,Sibyl,Eastman,seastmanb7@diigo.com,Chrysler
405,Nanon,Yanshin,nyanshinb8@npr.org,Mercedes-Benz
406,Perl,Tabbernor,ptabbernorb9@narod.ru,Cadillac
407,Allard,Rupert,arupertba@blogtalkradio.com,Buick
408,Ibby,Jones,ijonesbb@senate.gov,Ford
409,Elsy,Ardern,eardernbc@weibo.com,Nissan
410,Rosalinde,Gyver,rgyverbd@yellowpages.com,Chevrolet
411,Nerita,Chastey,nchasteybe@businesswire.com,Isuzu
412,Kimberli,Terrazzo,kterrazzobf@imdb.com,Toyota
413,Jemimah,Steketee,jsteketeebg@go.com,Jeep
414,Shanta,Gethin,sgethinbh@addthis.com,Kia
415,Wolfgang,De Bruyn,wdebruynbi@chicagotribune.com,Toyota
416,Galven,Jacomb,gjacombbj@etsy.com,Toyota
417,Harlin,Deal,hdealbk@pinterest.com,Lincoln
418,Feliks,Fernanando,ffernanandobl@webmd.com,Dodge
419,Xenos,Da Costa,xdacostabm@ucsd.edu,Dodge
420,Reinaldos,Rentoll,rrentollbn@unicef.org,Isuzu
421,Bordie,Piddocke,bpiddockebo@networkadvertising.org,Lotus
422,Cly,Bailess,cbailessbp@cnet.com,Cadillac
423,Micheal,Bonifacio,mbonifaciobq@bing.com,Pontiac
424,Marty,Presley,mpresleybr@kickstarter.com,Mitsubishi
425,Chico,Yeardsley,cyeardsleybs@wordpress.org,Chevrolet
426,Cristen,MacKimm,cmackimmbt@etsy.com,Infiniti
427,Aubrey,Campa,acampabu@smugmug.com,Pontiac
428,Jasmina,Bernaldo,jbernaldobv@desdev.cn,Chevrolet
429,Barty,Isacq,bisacqbw@istockphoto.com,Acura
430,Anders,Duinkerk,aduinkerkbx@pen.io,Cadillac
431,Dehlia,Kiljan,dkiljanby@taobao.com,Mazda
432,Dynah,Cremins,dcreminsbz@51.la,Cadillac
433,Rhoda,Woolens,rwoolensc0@loc.gov,Hummer
434,Boycey,Columbell,bcolumbellc1@cafepress.com,Saab
435,Farrel,Measham,fmeashamc2@about.me,Oldsmobile
436,Eilis,Ragbourn,eragbournc3@bluehost.com,Acura
437,Edmon,Nutt,enuttc4@about.com,Dodge
438,Dacey,Leachman,dleachmanc5@ow.ly,Kia
439,Desdemona,Axelbey,daxelbeyc6@abc.net.au,Ford
440,Estell,Cuttelar,ecuttelarc7@google.com.br,Mercedes-Benz
441,Elvira,Spollen,espollenc8@pcworld.com,Lincoln
442,Golda,Rattry,grattryc9@moonfruit.com,Suzuki
443,Roselin,Coveny,rcovenyca@diigo.com,Lotus
444,Prince,Stanluck,pstanluckcb@newsvine.com,Chevrolet
445,Luis,Van Saltsberg,lvansaltsbergcc@berkeley.edu,Ford
446,Joete,Cutmere,jcutmerecd@cmu.edu,Lincoln
447,Cymbre,Whyborne,cwhybornece@xrea.com,GMC
448,Coleen,Sommerlin,csommerlincf@gravatar.com,Isuzu
449,Wanids,Keems,wkeemscg@ucoz.ru,Ford
450,Faydra,Shillington,fshillingtonch@bloglines.com,Lincoln
451,Krisha,Stannah,kstannahci@macromedia.com,Chevrolet
452,Wayland,Boggs,wboggscj@unicef.org,Geo
453,Bartholomew,Christon,bchristonck@yahoo.com,Dodge
454,Cybill,Kennefick,ckennefickcl@ebay.co.uk,Suzuki
455,Carissa,Garrad,cgarradcm@sfgate.com,Toyota
456,Ruth,Pask,rpaskcn@blogger.com,Cadillac
457,Geneva,Hullbrook,ghullbrookco@guardian.co.uk,Subaru
458,Skipper,Goodey,sgoodeycp@arizona.edu,Pontiac
459,Chere,Canner,ccannercq@japanpost.jp,Eagle
460,Doreen,Peer,dpeercr@miibeian.gov.cn,Hyundai
461,Shelba,O' Mara,somaracs@amazon.co.jp,Buick
462,Reinhold,Trenchard,rtrenchardct@guardian.co.uk,Mercury
463,Bren,Rysom,brysomcu@cdbaby.com,Volkswagen
464,Syd,Austing,saustingcv@ucoz.ru,Lincoln
465,Alida,Giuroni,agiuronicw@last.fm,Acura
466,Miguel,Chiles,mchilescx@cbslocal.com,Porsche
467,Mordecai,Stitfall,mstitfallcy@linkedin.com,Maserati
468,Mavra,Laird-Craig,mlairdcraigcz@ebay.com,Mercedes-Benz
469,Laetitia,Jonke,ljonked0@unesco.org,Infiniti
470,Gunner,Baugham,gbaughamd1@ucsd.edu,GMC
471,Ermentrude,Feeham,efeehamd2@hud.gov,Volvo
472,Kahaleel,Piola,kpiolad3@independent.co.uk,Chevrolet
473,Gustavus,Vollam,gvollamd4@altervista.org,Plymouth
474,Mara,Hugenin,mhugenind5@msu.edu,Ford
475,Zeb,Boggish,zboggishd6@reference.com,Mazda
476,Obadiah,Dreye,odreyed7@sphinn.com,GMC
477,Brande,Dovington,bdovingtond8@theguardian.com,Toyota
478,Rozelle,McAuslene,rmcauslened9@businessweek.com,Ford
479,Rocky,Heibl,rheiblda@jimdo.com,Volkswagen
480,Paco,Sedgwick,psedgwickdb@elpais.com,Lexus
481,Elizabet,Wellum,ewellumdc@dion.ne.jp,Isuzu
482,Laurie,Takle,ltakledd@wikipedia.org,Jeep
483,Zach,Punch,zpunchde@instagram.com,Geo
484,Euphemia,Stain,estaindf@yale.edu,Honda
485,Charo,Arson,carsondg@ehow.com,Saab
486,Koral,Garfoot,kgarfootdh@businesswire.com,Toyota
487,Kaitlynn,Agg,kaggdi@cdc.gov,Chevrolet
488,Teriann,Biasioli,tbiasiolidj@etsy.com,Volvo
489,Lu,Duigan,lduigandk@umn.edu,Jaguar
490,Cornie,Gooley,cgooleydl@people.com.cn,Kia
491,Mady,Campos,mcamposdm@rediff.com,Aston Martin
492,Marigold,Vineall,mvinealldn@lulu.com,Hyundai
493,Alejandrina,Grenter,agrenterdo@google.com,Hyundai
494,Demeter,Pimlott,dpimlottdp@hao123.com,Kia
495,Dorothea,Killingbeck,dkillingbeckdq@theglobeandmail.com,Buick
496,Teirtza,Purdon,tpurdondr@networkadvertising.org,Ram
497,Fidole,Joreau,fjoreauds@blogs.com,Chevrolet
498,Humfrid,Josselson,hjosselsondt@opera.com,Chevrolet
499,Drud,Wille,dwilledu@toplist.cz,Audi
500,Casey,Jeaneau,cjeaneaudv@google.pl,Ford
501,Brody,Duker,bdukerdw@europa.eu,Chevrolet
502,Jennine,Affuso,jaffusodx@issuu.com,Dodge
503,Adamo,Keilty,akeiltydy@zdnet.com,Mitsubishi
504,Hollie,Wainwright,hwainwrightdz@mtv.com,Land Rover
505,Gaspar,Lux,gluxe0@last.fm,Mercedes-Benz
506,Laverne,Jossum,ljossume1@reddit.com,Volkswagen
507,Vernice,Kneale,vknealee2@jalbum.net,Audi
508,Stefa,Fawke,sfawkee3@amazon.co.uk,Pontiac
509,Mortie,Yellep,myellepe4@domainmarket.com,GMC
510,Scarlet,Yoodall,syoodalle5@wisc.edu,Austin
511,Aleece,Pendreigh,apendreighe6@umn.edu,Audi
512,Marsha,Cohn,mcohne7@nasa.gov,Hyundai
513,Lenette,Montfort,lmontforte8@simplemachines.org,Honda
514,Maribelle,Allnutt,mallnutte9@time.com,Audi
515,Tabbi,Fery,tferyea@smh.com.au,Mitsubishi
516,Jesse,Bercevelo,jberceveloeb@reference.com,Ford
517,Roy,Happs,rhappsec@psu.edu,Lotus
518,Shannon,Chapelhow,schapelhowed@tinypic.com,Chevrolet
519,Kippar,Capineer,kcapineeree@pinterest.com,Geo
520,Etan,Selway,eselwayef@1688.com,Land Rover
521,Fritz,Anetts,fanettseg@nba.com,Mazda
522,Leta,Stoneham,lstonehameh@omniture.com,Buick
523,Cayla,Barfford,cbarffordei@yellowpages.com,Ford
524,Amargo,Dakhno,adakhnoej@a8.net,Honda
525,Eloisa,Meanwell,emeanwellek@utexas.edu,Kia
526,Ezekiel,Taylor,etaylorel@amazon.de,Volkswagen
527,Herbert,Danilchenko,hdanilchenkoem@google.es,BMW
528,Ange,Sidaway,asidawayen@live.com,Maserati
529,Galina,Jakaway,gjakawayeo@ftc.gov,Mercedes-Benz
530,Gabriele,Ferrino,gferrinoep@amazonaws.com,Toyota
531,Rory,Monckman,rmonckmaneq@soup.io,Mercedes-Benz
532,Herminia,Draisey,hdraiseyer@plala.or.jp,Ford
533,Mikol,Gabriely,mgabrielyes@godaddy.com,GMC
534,Walt,Welfare,wwelfareet@homestead.com,Lexus
535,Salmon,Monsey,smonseyeu@huffingtonpost.com,GMC
536,Alasteir,Hail,ahailev@mapy.cz,Mitsubishi
537,Jehanna,Mathet,jmathetew@sun.com,Subaru
538,Freda,Pengelley,fpengelleyex@networkadvertising.org,Saab
539,Tiphany,Sawyers,tsawyersey@arizona.edu,Toyota
540,Bili,Draysay,bdraysayez@dedecms.com,Hyundai
541,Stavros,Gaitung,sgaitungf0@mapy.cz,Ford
542,Rich,Smitham,rsmithamf1@cyberchimps.com,Honda
543,Nanon,Richford,nrichfordf2@addthis.com,Volvo
544,Brigg,Liddard,bliddardf3@eepurl.com,Honda
545,Barbee,Lidgely,blidgelyf4@tripadvisor.com,Mitsubishi
546,Janela,Varndell,jvarndellf5@sakura.ne.jp,Hyundai
547,Sophia,Duguid,sduguidf6@photobucket.com,Ford
548,Mannie,Nowlan,mnowlanf7@google.fr,Honda
549,Yancy,Tripean,ytripeanf8@cornell.edu,Jeep
550,Konstance,Gilffillan,kgilffillanf9@bloomberg.com,Pontiac
551,Legra,Arrault,larraultfa@intel.com,Chevrolet
552,Gery,Jizhaki,gjizhakifb@etsy.com,GMC
553,Sella,Thoma,sthomafc@hhs.gov,Volvo
554,Coreen,Bezants,cbezantsfd@vkontakte.ru,Ford
555,Jillian,Watford,jwatfordfe@bluehost.com,Ford
556,Karoly,Skippen,kskippenff@delicious.com,Aston Martin
557,Bat,Harbach,bharbachfg@mtv.com,Subaru
558,Eloise,Guyonnet,eguyonnetfh@yelp.com,Mitsubishi
559,Hadlee,Oloman,holomanfi@opera.com,Chevrolet
560,Papagena,Haggleton,phaggletonfj@bluehost.com,Mazda
561,Jeana,Knobell,jknobellfk@economist.com,Lexus
562,Ruthann,Rapa,rrapafl@loc.gov,Ford
563,Sibel,Meffin,smeffinfm@wp.com,Mazda
564,Goldarina,Sindle,gsindlefn@cocolog-nifty.com,Volvo
565,Paolina,Copello,pcopellofo@canalblog.com,Infiniti
566,Leonora,Langabeer,llangabeerfp@wikia.com,Eagle
567,Gawen,Pollen,gpollenfq@army.mil,BMW
568,Fancy,Sandiland,fsandilandfr@xing.com,Honda
569,Tildie,Farloe,tfarloefs@aboutads.info,Kia
570,Brande,Shrimplin,bshrimplinft@illinois.edu,Ford
571,Royall,Lowndesbrough,rlowndesbroughfu@exblog.jp,Lincoln
572,Gerti,Pedycan,gpedycanfv@sohu.com,Mercedes-Benz
573,Juana,Oda,jodafw@infoseek.co.jp,Acura
574,Sybilla,Cadge,scadgefx@multiply.com,Porsche
575,Robin,Dormand,rdormandfy@over-blog.com,Volvo
576,Alleen,McNeill,amcneillfz@slideshare.net,Hyundai
577,Ashia,Sich,asichg0@zimbio.com,Pontiac
578,Elliot,Cregan,ecregang1@ed.gov,GMC
579,Clem,Windle,cwindleg2@nps.gov,Saab
580,Teodoor,Strangeways,tstrangewaysg3@infoseek.co.jp,Chrysler
581,Peggie,Benoiton,pbenoitong4@columbia.edu,Chrysler
582,Charisse,Bravery,cbraveryg5@examiner.com,Buick
583,Vicky,Crambie,vcrambieg6@smh.com.au,Nissan
584,Wendell,Thomsson,wthomssong7@phoca.cz,Volkswagen
585,Giacopo,Donisi,gdonisig8@webnode.com,Infiniti
586,Giusto,Rochford,grochfordg9@oracle.com,Chevrolet
587,Clayton,Tumbelty,ctumbeltyga@mtv.com,Honda
588,Rhodie,James,rjamesgb@dailymail.co.uk,Hyundai
589,Janela,Langfield,jlangfieldgc@pbs.org,Jeep
590,Osmund,Rennock,orennockgd@boston.com,Volkswagen
591,Flori,Joannet,fjoannetge@loc.gov,Lincoln
592,Inez,Blues,ibluesgf@sbwire.com,Buick
593,Alleyn,Skamal,askamalgg@360.cn,Mazda
594,Upton,Brailey,ubraileygh@issuu.com,BMW
595,Katalin,Patise,kpatisegi@sun.com,Audi
596,Valaria,Duggan,vduggangj@google.de,Mazda
597,Onida,Krystek,okrystekgk@tumblr.com,Mitsubishi
598,Nev,Hartnell,nhartnellgl@g.co,Chevrolet
599,Milzie,Gabby,mgabbygm@dedecms.com,Chevrolet
600,Dorene,Fayre,dfayregn@google.com,Buick
601,Lars,Buessen,lbuessengo@eepurl.com,Ford
602,Gunar,Eagan,geagangp@bravesites.com,BMW
603,Othella,Cleife,ocleifegq@howstuffworks.com,Mitsubishi
604,Roseline,Conningham,rconninghamgr@drupal.org,Ford
605,Gilberto,Reid,greidgs@blogger.com,Audi
606,Gus,Corness,gcornessgt@answers.com,Chevrolet
607,Dyanna,McCooke,dmccookegu@twitpic.com,Ford
608,Birdie,Dewdney,bdewdneygv@walmart.com,Hummer
609,Cherin,Skinn,cskinngw@slideshare.net,Honda
610,Hieronymus,Verryan,hverryangx@sun.com,Lotus
611,Kylen,Wickie,kwickiegy@home.pl,BMW
612,Sharlene,Lidgely,slidgelygz@howstuffworks.com,Mercury
613,Julio,Moles,jmolesh0@scientificamerican.com,Mitsubishi
614,Jessamyn,Phebee,jphebeeh1@biglobe.ne.jp,Dodge
615,Jessalyn,Kingcott,jkingcotth2@home.pl,Volvo
616,Arni,Caplan,acaplanh3@alexa.com,GMC
617,Gaven,Bermingham,gberminghamh4@netlog.com,Isuzu
618,Curcio,Rumin,cruminh5@ihg.com,Pontiac
619,Perle,Astlett,pastletth6@infoseek.co.jp,Audi
620,Tiphany,Sayers,tsayersh7@woothemes.com,Mazda
621,Andre,Sparhawk,asparhawkh8@163.com,Lexus
622,Edmon,Nehls,enehlsh9@dailymail.co.uk,Toyota
623,Dorey,Scutter,dscutterha@rediff.com,Cadillac
624,Cynthy,Kench,ckenchhb@businessweek.com,Mitsubishi
625,Adolphe,Birtonshaw,abirtonshawhc@scribd.com,Mercury
626,Debbi,Peterffy,dpeterffyhd@g.co,Oldsmobile
627,Rosalinda,Traite,rtraitehe@ezinearticles.com,Acura
628,Janek,Shoobridge,jshoobridgehf@columbia.edu,Mitsubishi
629,Saxe,Glenister,sglenisterhg@illinois.edu,Toyota
630,Rhoda,Haskayne,rhaskaynehh@cargocollective.com,Acura
631,Frayda,Oakenfield,foakenfieldhi@upenn.edu,Lexus
632,Jamison,Purselow,jpurselowhj@exblog.jp,Buick
633,Welsh,Kissell,wkissellhk@lycos.com,Pontiac
634,Cinderella,Ambrogetti,cambrogettihl@moonfruit.com,Lexus
635,Kally,Clubley,kclubleyhm@soup.io,Pontiac
636,Osbourn,Tellenbach,otellenbachhn@wikispaces.com,Honda
637,Leonhard,Crouse,lcrouseho@quantcast.com,Toyota
638,Carolann,Morrott,cmorrotthp@php.net,Daewoo
639,Jessamyn,Ahmed,jahmedhq@theatlantic.com,Porsche
640,Wilek,Lowmass,wlowmasshr@tmall.com,Nissan
641,Calypso,Haverty,chavertyhs@slate.com,Audi
642,Findley,Weston,fwestonht@deliciousdays.com,Acura
643,Alanson,Radclyffe,aradclyffehu@canalblog.com,Lexus
644,Ellissa,Saph,esaphhv@yellowbook.com,Kia
645,Ignatius,Burleigh,iburleighhw@macromedia.com,GMC
646,Berti,Dallan,bdallanhx@telegraph.co.uk,Audi
647,Lauritz,D'Adda,ldaddahy@wikipedia.org,Chevrolet
648,Lola,Foulstone,lfoulstonehz@epa.gov,Audi
649,Basilius,Eadmeads,beadmeadsi0@tumblr.com,Ford
650,Gloria,Hazelgrove,ghazelgrovei1@joomla.org,Chevrolet
651,Audy,Shearer,asheareri2@sakura.ne.jp,Toyota
652,Mendie,Honniebal,mhonniebali3@etsy.com,Mercury
653,Carlin,Commuzzo,ccommuzzoi4@simplemachines.org,Chrysler
654,Rudolf,Garlette,rgarlettei5@github.io,Cadillac
655,Ray,Badland,rbadlandi6@last.fm,Chrysler
656,Hubert,Dodge,hdodgei7@about.me,Oldsmobile
657,Jessika,Willeson,jwillesoni8@youtube.com,Pontiac
658,Starlin,Lorenzini,slorenzinii9@theguardian.com,Ford
659,Teodor,Jarman,tjarmania@de.vu,Mercedes-Benz
660,Jennee,Bruneau,jbruneauib@illinois.edu,Toyota
661,Garrek,Trowel,gtrowelic@hc360.com,Volkswagen
662,Cheryl,Leatt,cleattid@dagondesign.com,Chevrolet
663,Stafani,Patley,spatleyie@imdb.com,Porsche
664,Grata,Warlton,gwarltonif@nbcnews.com,Chevrolet
665,Cathleen,Battyll,cbattyllig@mlb.com,Dodge
666,Darryl,Lecordier,dlecordierih@wikia.com,Mercedes-Benz
667,Rogerio,Bennallck,rbennallckii@sphinn.com,Ferrari
668,Morie,Bere,mbereij@hugedomains.com,Ford
669,Sergei,Dulany,sdulanyik@jalbum.net,Ford
670,Frasquito,Redan,fredanil@hao123.com,Porsche
671,Erina,Jeenes,ejeenesim@delicious.com,Land Rover
672,Jewell,Parton,jpartonin@cmu.edu,Kia
673,Maisey,Borleace,mborleaceio@spiegel.de,Ford
674,Moise,O' Mahony,momahonyip@nsw.gov.au,Lincoln
675,Bay,Ungerecht,bungerechtiq@biblegateway.com,BMW
676,Orel,McGairl,omcgairlir@chicagotribune.com,Volkswagen
677,Sebastien,Jewks,sjewksis@pbs.org,BMW
678,Ofella,Bezley,obezleyit@topsy.com,Ford
679,Peterus,Rosso,prossoiu@cloudflare.com,Toyota
680,Finley,Aylesbury,faylesburyiv@zdnet.com,Nissan
681,Adrea,Bellinger,abellingeriw@apple.com,Chevrolet
682,Rouvin,Sparrowhawk,rsparrowhawkix@github.io,GMC
683,Conny,Arrault,carraultiy@walmart.com,Dodge
684,Immanuel,Mc Faul,imcfauliz@networksolutions.com,Volkswagen
685,Rafa,Gluyus,rgluyusj0@unesco.org,Daewoo
686,Othilia,Margeram,omargeramj1@rambler.ru,Volkswagen
687,Allsun,Swalwell,aswalwellj2@uol.com.br,Geo
688,Diannne,Hanscomb,dhanscombj3@army.mil,Ford
689,Maribelle,Randalson,mrandalsonj4@redcross.org,Pontiac
690,Winnie,Leindecker,wleindeckerj5@sfgate.com,Nissan
691,Laural,D'Orsay,ldorsayj6@usda.gov,Hyundai
692,Olympie,O' Clovan,ooclovanj7@list-manage.com,Ford
693,Melany,Cruikshank,mcruikshankj8@themeforest.net,BMW
694,Ranee,Pedley,rpedleyj9@deviantart.com,Land Rover
695,Bethena,Kares,bkaresja@google.de,Isuzu
696,Una,Addekin,uaddekinjb@tuttocitta.it,Mercury
697,Elias,Bulle,ebullejc@nsw.gov.au,Nissan
698,Ulick,Nicholson,unicholsonjd@ask.com,Audi
699,Mag,Patton,mpattonje@dion.ne.jp,Volkswagen
700,Terra,Frise,tfrisejf@dion.ne.jp,Mercury
701,Meggi,Jorez,mjorezjg@boston.com,Dodge
702,Maible,Van Giffen,mvangiffenjh@ebay.com,Chevrolet
703,Eal,Greenan,egreenanji@macromedia.com,Lexus
704,Drusy,De Stoop,ddestoopjj@t.co,GMC
705,Belle,Kidby,bkidbyjk@bloglines.com,Nissan
706,Aldin,McCosker,amccoskerjl@merriam-webster.com,Mitsubishi
707,Jacquetta,MacEllen,jmacellenjm@ucoz.com,Porsche
708,Raphael,Elnaugh,relnaughjn@yahoo.co.jp,Saab
709,Chuck,Banyard,cbanyardjo@wunderground.com,Mazda
710,Viola,Devlin,vdevlinjp@cocolog-nifty.com,Porsche
711,Arlana,Sturman,asturmanjq@hao123.com,Buick
712,Julietta,Foakes,jfoakesjr@ameblo.jp,Subaru
713,Ferdie,Laity,flaityjs@plala.or.jp,GMC
714,Gennie,Stobbart,gstobbartjt@cdbaby.com,Mercedes-Benz
715,Chrissie,Huban,chubanju@trellian.com,Volvo
716,Marianne,MacIntosh,mmacintoshjv@bandcamp.com,Plymouth
717,Wandis,Renish,wrenishjw@amazon.co.jp,Oldsmobile
718,Thekla,Krysztowczyk,tkrysztowczykjx@unicef.org,Chevrolet
719,Charmain,Penswick,cpenswickjy@npr.org,Audi
720,Bartholomew,Rickeard,brickeardjz@yale.edu,Ford
721,Serene,Hurley,shurleyk0@usgs.gov,Toyota
722,Ruprecht,Albon,ralbonk1@dot.gov,Toyota
723,Suzette,Cressor,scressork2@free.fr,Nissan
724,Giffard,Pemberton,gpembertonk3@ycombinator.com,Hyundai
725,Tatum,Waszkiewicz,twaszkiewiczk4@addtoany.com,Infiniti
726,Eduard,Moncarr,emoncarrk5@csmonitor.com,Mazda
727,Sharai,Stivey,sstiveyk6@springer.com,Acura
728,Amber,Reinmar,areinmark7@issuu.com,Porsche
729,Loella,Stammler,lstammlerk8@bigcartel.com,Aston Martin
730,Rorie,Cubitt,rcubittk9@163.com,Mitsubishi
731,Gizela,Fletcher,gfletcherka@about.me,GMC
732,Tate,Kynton,tkyntonkb@shop-pro.jp,Acura
733,Olia,Ledrane,oledranekc@edublogs.org,Honda
734,Abdel,Pidwell,apidwellkd@cmu.edu,Acura
735,Claudie,Corah,ccorahke@123-reg.co.uk,Kia
736,Carolyne,Febry,cfebrykf@berkeley.edu,Chrysler
737,Bernardina,Fiddian,bfiddiankg@house.gov,Volvo
738,Pooh,Hardcastle,phardcastlekh@last.fm,Pontiac
739,Robina,Bowgen,rbowgenki@biglobe.ne.jp,Audi
740,Kacy,MacTrustram,kmactrustramkj@admin.ch,Buick
741,Duncan,Tees,dteeskk@yellowpages.com,Mitsubishi
742,Barn,Reditt,bredittkl@networkadvertising.org,Volvo
743,Hermon,Abrashkin,habrashkinkm@usa.gov,Lexus
744,Martino,Togher,mtogherkn@elegantthemes.com,Lamborghini
745,Blane,Tother,btotherko@gnu.org,Jaguar
746,Kathi,Loades,kloadeskp@chronoengine.com,Infiniti
747,Rockwell,Olenchikov,rolenchikovkq@multiply.com,Mercedes-Benz
748,Burl,Sylvester,bsylvesterkr@un.org,Audi
749,Alfons,Rand,arandks@senate.gov,Bentley
750,Geneva,Shotboult,gshotboultkt@salon.com,Infiniti
751,Herb,Jenno,hjennoku@g.co,Chevrolet
752,Frederico,Noonan,fnoonankv@soundcloud.com,Chevrolet
753,Gunner,Tourner,gtournerkw@ebay.com,Nissan
754,Lou,Vertey,lverteykx@wordpress.org,Dodge
755,Ingrid,Jachimak,ijachimakky@umn.edu,MINI
756,Chickie,Steuart,csteuartkz@issuu.com,GMC
757,Allie,Buy,abuyl0@fotki.com,Volkswagen
758,Pavia,Lewer,plewerl1@tinypic.com,Mitsubishi
759,Cort,Bedrosian,cbedrosianl2@trellian.com,Buick
760,Jeffy,Maybery,jmayberyl3@weebly.com,Pontiac
761,Cyndy,Evangelinos,cevangelinosl4@amazon.com,GMC
762,Bealle,Screech,bscreechl5@dedecms.com,Toyota
763,Elmira,Fassan,efassanl6@sogou.com,Nissan
764,Darlleen,Medler,dmedlerl7@yale.edu,Isuzu
765,Piotr,Orto,portol8@reddit.com,Saab
766,Christyna,Shevelin,cshevelinl9@statcounter.com,Mitsubishi
767,Heinrik,Le-Good,hlegoodla@illinois.edu,Nissan
768,Johannes,Doughton,jdoughtonlb@hhs.gov,Chrysler
769,Celene,McGrey,cmcgreylc@e-recht24.de,Lincoln
770,Rollins,Mitchall,rmitchallld@sogou.com,Chrysler
771,Obediah,Salery,osaleryle@google.it,GMC
772,Jone,Asals,jasalslf@irs.gov,Acura
773,Dolores,Sleite,dsleitelg@seesaa.net,Nissan
774,Kin,Embleton,kembletonlh@about.com,Mazda
775,Ronda,Biaggioli,rbiaggiolili@networksolutions.com,Kia
776,Olia,Bonehill,obonehilllj@squidoo.com,Mitsubishi
777,Jackie,Dougill,jdougilllk@posterous.com,Nissan
778,King,Tozer,ktozerll@mashable.com,Audi
779,Candy,Gerbi,cgerbilm@flickr.com,GMC
780,Harriot,Niess,hniessln@goo.gl,Subaru
781,Carolann,O'Mullally,comullallylo@latimes.com,Mazda
782,Dion,Flounders,dflounderslp@wordpress.org,Volkswagen
783,Roddie,Groucock,rgroucocklq@imageshack.us,GMC
784,Evania,Stonhouse,estonhouselr@123-reg.co.uk,Hyundai
785,Bram,Thurlbeck,bthurlbeckls@sina.com.cn,Toyota
786,Mickey,Wardhough,mwardhoughlt@mlb.com,Eagle
787,Josi,Ilive,jilivelu@delicious.com,Hyundai
788,Nelia,Angelo,nangelolv@digg.com,Mitsubishi
789,Alphard,Soppeth,asoppethlw@yandex.ru,Volkswagen
790,Fawn,Da Costa,fdacostalx@vimeo.com,Chevrolet
791,Corette,Caven,ccavenly@google.com.hk,Honda
792,Tammie,Crame,tcramelz@hatena.ne.jp,Mazda
793,Milena,McCullogh,mmcculloghm0@wordpress.org,Mazda
794,Fawne,Carcass,fcarcassm1@slashdot.org,Ford
795,Bernadina,Espino,bespinom2@wp.com,Buick
796,Lucky,Bradberry,lbradberrym3@amazon.com,Ferrari
797,Emmaline,Needs,eneedsm4@bigcartel.com,Dodge
798,Catherin,Wedon,cwedonm5@angelfire.com,Lexus
799,Mahalia,Dulake,mdulakem6@example.com,Buick
800,Nisse,Fishleigh,nfishleighm7@webs.com,Nissan
801,Jacinta,Cleveley,jcleveleym8@tumblr.com,Volkswagen
802,Marve,Studdard,mstuddardm9@foxnews.com,Subaru
803,Gilbertina,Bottrell,gbottrellma@psu.edu,BMW
804,Margot,Collman,mcollmanmb@amazon.de,Volkswagen
805,Hillel,Utridge,hutridgemc@dion.ne.jp,Infiniti
806,Jillane,Cartmell,jcartmellmd@dmoz.org,Volkswagen
807,Samson,Goacher,sgoacherme@bloglovin.com,Buick
808,Hinda,Iskov,hiskovmf@sciencedirect.com,Land Rover
809,Boyd,Corns,bcornsmg@blogs.com,Mitsubishi
810,Hedwiga,Thebeaud,hthebeaudmh@cdc.gov,Cadillac
811,Gregorio,Longlands,glonglandsmi@ocn.ne.jp,Mazda
812,Rosalia,Gollin,rgollinmj@bravesites.com,Dodge
813,Garreth,Batthew,gbatthewmk@prweb.com,Shelby
814,Ricca,Philp,rphilpml@ucoz.com,Acura
815,Alvin,Godney,agodneymm@blogs.com,Nissan
816,Dugald,Loade,dloademn@exblog.jp,Maybach
817,Odille,Bescoby,obescobymo@simplemachines.org,Mercedes-Benz
818,Kerrill,Abberley,kabberleymp@ifeng.com,Ford
819,Faith,Joseland,fjoselandmq@umich.edu,Audi
820,Aaren,Snadden,asnaddenmr@mail.ru,Audi
821,Denni,Potteridge,dpotteridgems@illinois.edu,GMC
822,Laurianne,Fallen,lfallenmt@bigcartel.com,Dodge
823,Harley,Gwatkin,hgwatkinmu@xrea.com,Volkswagen
824,Kira,Kerridge,kkerridgemv@blogs.com,Chevrolet
825,Herschel,Isaacs,hisaacsmw@pen.io,Mitsubishi
826,Benny,Gorey,bgoreymx@usgs.gov,Lincoln
827,Gwyneth,Stokey,gstokeymy@mtv.com,Toyota
828,Marrilee,McParland,mmcparlandmz@youtube.com,Lexus
829,Wade,Stuehmeyer,wstuehmeyern0@qq.com,Dodge
830,Ethel,Josephy,ejosephyn1@vkontakte.ru,Mercury
831,Durward,Beadell,dbeadelln2@elpais.com,Scion
832,Elsa,Mathieu,emathieun3@buzzfeed.com,Pontiac
833,Carina,Herkess,cherkessn4@kickstarter.com,GMC
834,Bertie,Iddons,biddonsn5@eventbrite.com,Mitsubishi
835,Cassie,Abrahamsson,cabrahamssonn6@si.edu,BMW
836,Anthea,Trippick,atrippickn7@earthlink.net,Lincoln
837,Andriette,Arlott,aarlottn8@uol.com.br,Dodge
838,Reggis,Aaronsohn,raaronsohnn9@toplist.cz,Honda
839,Duky,Trengrove,dtrengrovena@engadget.com,Mazda
840,Raddy,Tart,rtartnb@creativecommons.org,Lotus
841,Marybeth,Poulter,mpoulternc@whitehouse.gov,BMW
842,Sinclair,Orpwood,sorpwoodnd@examiner.com,Land Rover
843,Omar,Dimitrijevic,odimitrijevicne@usatoday.com,Chevrolet
844,Carolus,Duck,cducknf@wix.com,Buick
845,Karlis,Gillice,kgilliceng@xing.com,Ford
846,Jeremias,Sallter,jsallternh@hexun.com,Audi
847,Analiese,Mitchiner,amitchinerni@foxnews.com,Chevrolet
848,Kit,Thurber,kthurbernj@godaddy.com,Hyundai
849,Eal,Brocket,ebrocketnk@tuttocitta.it,Plymouth
850,Rozalie,Giorgioni,rgiorgioninl@pen.io,Ford
851,Templeton,Nutbrown,tnutbrownnm@nba.com,Chevrolet
852,Gaye,O'Keefe,gokeefenn@instagram.com,Maybach
853,Jephthah,Fosdick,jfosdickno@mozilla.org,Toyota
854,Yorke,Arstingall,yarstingallnp@wsj.com,Ford
855,Guglielmo,Pohlke,gpohlkenq@netscape.com,Volkswagen
856,Jemima,Tocknell,jtocknellnr@theatlantic.com,Ford
857,Clark,Enstone,censtonens@mayoclinic.com,Mazda
858,Anestassia,Quibell,aquibellnt@geocities.jp,Chevrolet
859,Dorie,Sabin,dsabinnu@sitemeter.com,Porsche
860,Anny,Saywood,asaywoodnv@umn.edu,Maybach
861,Dorthea,Royste,droystenw@wordpress.com,Cadillac
862,Seth,Collishaw,scollishawnx@blogspot.com,Audi
863,Beverlee,Kloska,bkloskany@surveymonkey.com,Honda
864,Murray,Dewerson,mdewersonnz@scribd.com,Audi
865,Moyra,Tulloch,mtullocho0@fastcompany.com,Mercury
866,Thatch,De Normanville,tdenormanvilleo1@qq.com,Mercury
867,Britt,Stadden,bstaddeno2@drupal.org,Nissan
868,Cecile,Orcas,corcaso3@wp.com,Mercedes-Benz
869,Joshia,Durker,jdurkero4@jalbum.net,Saturn
870,Uriah,Spawton,uspawtono5@wix.com,BMW
871,Obidiah,Emery,oemeryo6@is.gd,Dodge
872,Merwyn,Arrowsmith,marrowsmitho7@chicagotribune.com,Lamborghini
873,Jerrold,Cruft,jcrufto8@xing.com,Mitsubishi
874,Claudell,Raithby,craithbyo9@yelp.com,Ford
875,Brigham,Barham,bbarhamoa@paginegialle.it,Audi
876,Benita,Berrigan,bberriganob@independent.co.uk,Toyota
877,Jeff,Atcheson,jatchesonoc@hud.gov,Nissan
878,Ninnette,Clausner,nclausnerod@oaic.gov.au,Mercury
879,Tull,Abramovitz,tabramovitzoe@wufoo.com,BMW
880,Dan,Tureville,dturevilleof@sina.com.cn,GMC
881,Jamie,Reggio,jreggioog@istockphoto.com,GMC
882,Shawna,Print,sprintoh@ycombinator.com,Ford
883,Tyson,Coatman,tcoatmanoi@indiatimes.com,Toyota
884,Gerek,Ficken,gfickenoj@ucoz.ru,Cadillac
885,Honoria,Rainsbury,hrainsburyok@tuttocitta.it,Bentley
886,Gussy,Mertin,gmertinol@reverbnation.com,Scion
887,Phedra,Euston,peustonom@rambler.ru,Nissan
888,Jillane,Gerram,jgerramon@boston.com,GMC
889,Adena,Barge,abargeoo@craigslist.org,Land Rover
890,Ursuline,Baroch,ubarochop@skype.com,Ford
891,Aloise,Ribchester,aribchesteroq@myspace.com,Honda
892,Sayers,Tunbridge,stunbridgeor@is.gd,Saab
893,Tyrone,Kloster,tklosteros@fema.gov,Porsche
894,Benni,Di Maria,bdimariaot@nifty.com,Land Rover
895,Cordell,Kelberer,ckelbererou@utexas.edu,Cadillac
896,Janie,O'Crigane,jocriganeov@springer.com,Buick
897,Antonius,Joris,ajorisow@facebook.com,Volvo
898,Irv,Semrad,isemradox@google.pl,Toyota
899,Granthem,Peet,gpeetoy@tripadvisor.com,Cadillac
900,Winn,Cords,wcordsoz@engadget.com,Subaru
901,Kiersten,Dionisii,kdionisiip0@hubpages.com,Audi
902,Florinda,Baggot,fbaggotp1@army.mil,Volkswagen
903,Steffi,Vreiberg,svreibergp2@histats.com,Mazda
904,Althea,Dundredge,adundredgep3@addtoany.com,Scion
905,Daryle,Iannazzi,diannazzip4@webnode.com,Suzuki
906,Noah,Galer,ngalerp5@studiopress.com,Nissan
907,Nehemiah,Loughhead,nloughheadp6@webeden.co.uk,Kia
908,Billy,Yardley,byardleyp7@stumbleupon.com,Pontiac
909,Derk,Talkington,dtalkingtonp8@themeforest.net,Maybach
910,Trevar,Parkin,tparkinp9@census.gov,Ford
911,Karine,Gouldthorp,kgouldthorppa@wsj.com,Mercedes-Benz
912,Meade,Denes,mdenespb@google.de,Lexus
913,Georgine,Mackrell,gmackrellpc@google.com.au,Jaguar
914,Jarvis,Riddles,jriddlespd@microsoft.com,Dodge
915,Lee,Vynall,lvynallpe@hostgator.com,Chrysler
916,Robinson,Bridger,rbridgerpf@arstechnica.com,Chevrolet
917,Francklin,Watmough,fwatmoughpg@soundcloud.com,Chevrolet
918,Paxon,Sandcraft,psandcraftph@newsvine.com,Mercedes-Benz
919,Carlina,Woolard,cwoolardpi@shareasale.com,Audi
920,Corena,O'Cleary,coclearypj@cargocollective.com,Ford
921,Myranda,McKissack,mmckissackpk@europa.eu,Chevrolet
922,Bunny,Kochel,bkochelpl@delicious.com,Honda
923,Cristionna,Escala,cescalapm@si.edu,Hyundai
924,Tiffie,Zorzetti,tzorzettipn@amazon.co.uk,Honda
925,Durant,Gayforth,dgayforthpo@last.fm,Volvo
926,Mariele,Schoffel,mschoffelpp@google.com.br,Mazda
927,Tate,Wisson,twissonpq@domainmarket.com,Mitsubishi
928,Bonny,Spellsworth,bspellsworthpr@mail.ru,Mitsubishi
929,Erena,Matteau,ematteaups@rakuten.co.jp,GMC
930,Agnes,Rawne,arawnept@marriott.com,Chevrolet
931,Neile,Biddle,nbiddlepu@furl.net,Lotus
932,Valery,Kydd,vkyddpv@slashdot.org,Buick
933,Forbes,McFadyen,fmcfadyenpw@chicagotribune.com,Lexus
934,Beckie,Coarser,bcoarserpx@nhs.uk,Buick
935,Blayne,Merrikin,bmerrikinpy@senate.gov,Jaguar
936,Herve,Torrisi,htorrisipz@privacy.gov.au,Ford
937,Malcolm,Tatford,mtatfordq0@japanpost.jp,Volvo
938,Daryl,Malek,dmalekq1@shutterfly.com,Ford
939,Vania,Rushmer,vrushmerq2@dyndns.org,Dodge
940,Talia,Kermit,tkermitq3@ycombinator.com,Volvo
941,Gerhardt,Warrack,gwarrackq4@upenn.edu,Jeep
942,Selma,Ship,sshipq5@archive.org,Aston Martin
943,Arly,Reasce,areasceq6@mlb.com,Honda
944,Jesus,Langlois,jlangloisq7@independent.co.uk,Chevrolet
945,Annis,Bernucci,abernucciq8@istockphoto.com,BMW
946,Vina,Blasing,vblasingq9@creativecommons.org,Suzuki
947,Jule,Spargo,jspargoqa@nba.com,Chevrolet
948,Winifred,Elcum,welcumqb@jugem.jp,GMC
949,Reggy,Adamik,radamikqc@mashable.com,Ford
950,Torrie,Dunstone,tdunstoneqd@yandex.ru,Mazda
951,Carmelina,Loxdale,cloxdaleqe@google.it,Lamborghini
952,Keely,Blazey,kblazeyqf@github.io,Mitsubishi
953,Tan,Shewry,tshewryqg@cloudflare.com,Porsche
954,Therine,Brownell,tbrownellqh@rediff.com,Land Rover
955,Caroline,Merck,cmerckqi@hexun.com,Mercedes-Benz
956,Halie,Auckland,haucklandqj@nytimes.com,Dodge
957,Joyann,Chillingsworth,jchillingsworthqk@addtoany.com,Pontiac
958,Tessy,Sewall,tsewallql@google.com,Pontiac
959,Ernst,Keningley,ekeningleyqm@jiathis.com,Land Rover
960,Niels,Mephan,nmephanqn@answers.com,Suzuki
961,Phillip,Learmount,plearmountqo@wikimedia.org,Jeep
962,Greg,Hammerich,ghammerichqp@ted.com,Dodge
963,John,Schechter,jschechterqq@ow.ly,Cadillac
964,Ettore,Maestro,emaestroqr@yandex.ru,Oldsmobile
965,Gerhardt,Purviss,gpurvissqs@acquirethisname.com,Chevrolet
966,Ketti,Rickword,krickwordqt@yolasite.com,Chevrolet
967,Binny,Brettelle,bbrettellequ@delicious.com,Kia
968,Wallie,Yonge,wyongeqv@unesco.org,Porsche
969,Dayle,Klesel,dkleselqw@shop-pro.jp,Pontiac
970,Tiffani,Knoble,tknobleqx@ehow.com,Aston Martin
971,Packston,Darcy,pdarcyqy@cnet.com,Mercedes-Benz
972,Andee,Lemme,alemmeqz@bloomberg.com,Lexus
973,Kali,Scandwright,kscandwrightr0@cisco.com,Dodge
974,Aindrea,Bumphries,abumphriesr1@vistaprint.com,Volvo
975,Benoite,Gibling,bgiblingr2@parallels.com,Dodge
976,Rooney,MacCracken,rmaccrackenr3@upenn.edu,Chrysler
977,Laurel,Feaster,lfeasterr4@slashdot.org,Chevrolet
978,Brok,Flay,bflayr5@webmd.com,GMC
979,Inez,Ceyssen,iceyssenr6@disqus.com,Volvo
980,Laryssa,Witherden,lwitherdenr7@cpanel.net,Buick
981,Lavinia,Garken,lgarkenr8@cyberchimps.com,Eagle
982,Jourdan,Skillings,jskillingsr9@msn.com,Saturn
983,Maurine,Brane,mbranera@lycos.com,Jeep
984,Sibylle,Ryson,srysonrb@godaddy.com,BMW
985,Josee,Case,jcaserc@feedburner.com,Pontiac
986,Vale,Petters,vpettersrd@omniture.com,Audi
987,Maribel,Wolstencroft,mwolstencroftre@i2i.jp,Chrysler
988,Rivkah,Dell 'Orto,rdellortorf@bing.com,GMC
989,Chanda,Sackes,csackesrg@tamu.edu,Buick
990,Diarmid,Hug,dhugrh@apache.org,Audi
991,Roseline,Mish,rmishri@wordpress.org,Saab
992,Judy,Eastman,jeastmanrj@ox.ac.uk,Mazda
993,Wang,Sewards,wsewardsrk@amazon.de,Honda
994,Tedda,Hofer,thoferrl@archive.org,Mazda
995,Carole,Treves,ctrevesrm@list-manage.com,Dodge
996,Patin,Sear,psearrn@umn.edu,Mitsubishi
997,Jae,Matzen,jmatzenro@chron.com,Chrysler
998,Hayward,Benedick,hbenedickrp@auda.org.au,BMW
999,Penrod,Huske,phuskerq@csmonitor.com,Nissan
1000,Steffie,Pentecost,spentecostrr@google.com,Dodge
